ID,rep1,rep2,rep3,mean,log_rep1,log_rep2,log_rep3,log_mean,Mutations,Sequence,Cluster,MutationCount
wt,13642.3907,14855.18488,15912.4649,14803.34683,4.134890483,4.171878061,4.201737459,4.170359914,,MAGLRHTFVVADATLPDCPLVYASEGFYAMTGYGPDEVLGHNARFLQGEGTDPKEVQKIRDAIKKGEACSVRLLNYRKDGTPFWNLLTVTPIKTPDGRVSKFVGVQVDVTSKTEGKALA,0,1
p.Gly48Cys,11913.0,12046.24822,15233.36289,13064.2,4.076021275,4.080851808,4.182795788,4.116082984,G48C,MAGLRHTFVVADATLPDCPLVYASEGFYAMTGYGPDEVLGHNARFLQCEGTDPKEVQKIRDAIKKGEACSVRLLNYRKDGTPFWNLLTVTPIKTPDGRVSKFVGVQVDVTSKTEGKALA,0,1
p.Gly26Ile,14883.55,14227.92465,13603.86147,14238.45,4.172706673,4.153141557,4.133662201,4.153462623,G26I,MAGLRHTFVVADATLPDCPLVYASEIFYAMTGYGPDEVLGHNARFLQGEGTDPKEVQKIRDAIKKGEACSVRLLNYRKDGTPFWNLLTVTPIKTPDGRVSKFVGVQVDVTSKTEGKALA,0,1
p.Met30Cys,14659.67,16013.85308,15750.08406,15474.54,4.166124167,4.20449584,4.197282876,4.189617619,M30C,MAGLRHTFVVADATLPDCPLVYASEGFYACTGYGPDEVLGHNARFLQGEGTDPKEVQKIRDAIKKGEACSVRLLNYRKDGTPFWNLLTVTPIKTPDGRVSKFVGVQVDVTSKTEGKALA,0,1
p.Val21Thr,19177.36,18949.42442,19994.78258,19373.86,4.282788899,4.277596023,4.300916686,4.287216086,V21T,MAGLRHTFVVADATLPDCPLTYASEGFYAMTGYGPDEVLGHNARFLQGEGTDPKEVQKIRDAIKKGEACSVRLLNYRKDGTPFWNLLTVTPIKTPDGRVSKFVGVQVDVTSKTEGKALA,0,1
p.Ser70Pro,12961.73,9547.849703,10437.80246,10982.46,4.112663005,3.979905574,4.018609073,4.040699672,S70P,MAGLRHTFVVADATLPDCPLVYASEGFYAMTGYGPDEVLGHNARFLQGEGTDPKEVQKIRDAIKKGEACPVRLLNYRKDGTPFWNLLTVTPIKTPDGRVSKFVGVQVDVTSKTEGKALA,0,1
p.Gln106Phe,7195.02,8545.803673,9442.546853,8394.46,3.857031926,3.931752911,3.975089148,3.923992578,Q106F,MAGLRHTFVVADATLPDCPLVYASEGFYAMTGYGPDEVLGHNARFLQGEGTDPKEVQKIRDAIKKGEACSVRLLNYRKDGTPFWNLLTVTPIKTPDGRVSKFVGVFVDVTSKTEGKALA,0,1
p.Leu20His,2247.88,2929.377972,2966.0069,2714.42,3.35177278,3.466775412,3.472172157,3.433677212,L20H,MAGLRHTFVVADATLPDCPHVYASEGFYAMTGYGPDEVLGHNARFLQGEGTDPKEVQKIRDAIKKGEACSVRLLNYRKDGTPFWNLLTVTPIKTPDGRVSKFVGVQVDVTSKTEGKALA,0,1
p.Glu49His,18864.51,20380.45925,19240.7435,19495.24,4.275645493,4.309213966,4.28422185,4.289928521,E49H,MAGLRHTFVVADATLPDCPLVYASEGFYAMTGYGPDEVLGHNARFLQGHGTDPKEVQKIRDAIKKGEACSVRLLNYRKDGTPFWNLLTVTPIKTPDGRVSKFVGVQVDVTSKTEGKALA,0,1
p.Val103His,16272.06,17471.50243,15747.9638,16497.17,4.211442464,4.242330253,4.197224408,4.217409568,V103H,MAGLRHTFVVADATLPDCPLVYASEGFYAMTGYGPDEVLGHNARFLQGEGTDPKEVQKIRDAIKKGEACSVRLLNYRKDGTPFWNLLTVTPIKTPDGRVSKFHGVQVDVTSKTEGKALA,0,1
p.Ala43Lys,1834.77,2202.313217,2285.193983,2107.43,3.263581705,3.342879085,3.358923072,3.3237523,A43K,MAGLRHTFVVADATLPDCPLVYASEGFYAMTGYGPDEVLGHNKRFLQGEGTDPKEVQKIRDAIKKGEACSVRLLNYRKDGTPFWNLLTVTPIKTPDGRVSKFVGVQVDVTSKTEGKALA,0,1
p.Phe27Tyr,11907.57,11928.61428,11455.74652,11763.98,4.075823199,4.076589996,4.059023395,4.070554183,F27Y,MAGLRHTFVVADATLPDCPLVYASEGYYAMTGYGPDEVLGHNARFLQGEGTDPKEVQKIRDAIKKGEACSVRLLNYRKDGTPFWNLLTVTPIKTPDGRVSKFVGVQVDVTSKTEGKALA,0,1
p.Lys116Phe,17022.4,20897.2977,19582.13091,19167.28,4.231020898,4.32009013,4.29185995,4.282560433,K116F,MAGLRHTFVVADATLPDCPLVYASEGFYAMTGYGPDEVLGHNARFLQGEGTDPKEVQKIRDAIKKGEACSVRLLNYRKDGTPFWNLLTVTPIKTPDGRVSKFVGVQVDVTSKTEGFALA,0,1
p.Tyr33Met,16068.69,14555.45433,14252.58921,14958.91,4.205980408,4.163025766,4.153893768,4.17489996,Y33M,MAGLRHTFVVADATLPDCPLVYASEGFYAMTGMGPDEVLGHNARFLQGEGTDPKEVQKIRDAIKKGEACSVRLLNYRKDGTPFWNLLTVTPIKTPDGRVSKFVGVQVDVTSKTEGKALA,0,1
p.Asn42Gln,5503.55,8085.014042,8709.894916,7432.82,3.740643173,3.907680779,3.940012915,3.871153659,N42Q,MAGLRHTFVVADATLPDCPLVYASEGFYAMTGYGPDEVLGHQARFLQGEGTDPKEVQKIRDAIKKGEACSVRLLNYRKDGTPFWNLLTVTPIKTPDGRVSKFVGVQVDVTSKTEGKALA,0,1
p.Gly3Arg,18462.79,17494.23613,18479.59688,18145.54,4.266297263,4.242894984,4.266692493,4.258769898,G3R,MARLRHTFVVADATLPDCPLVYASEGFYAMTGYGPDEVLGHNARFLQGEGTDPKEVQKIRDAIKKGEACSVRLLNYRKDGTPFWNLLTVTPIKTPDGRVSKFVGVQVDVTSKTEGKALA,0,1
p.Thr81Asp,19483.4,19043.74696,20114.16484,19547.1,4.28966472,4.279752402,4.303502005,4.291082413,T81D,MAGLRHTFVVADATLPDCPLVYASEGFYAMTGYGPDEVLGHNARFLQGEGTDPKEVQKIRDAIKKGEACSVRLLNYRKDGDPFWNLLTVTPIKTPDGRVSKFVGVQVDVTSKTEGKALA,0,1
p.Val99Lys,15265.73,15778.50296,13722.63191,14922.29,4.183717663,4.198065796,4.137437414,4.173835455,V99K,MAGLRHTFVVADATLPDCPLVYASEGFYAMTGYGPDEVLGHNARFLQGEGTDPKEVQKIRDAIKKGEACSVRLLNYRKDGTPFWNLLTVTPIKTPDGRKSKFVGVQVDVTSKTEGKALA,0,1
p.Ala68Asn,17964.33,19531.17527,20846.05243,19447.19,4.254411131,4.290728377,4.319023826,4.288856799,A68N,MAGLRHTFVVADATLPDCPLVYASEGFYAMTGYGPDEVLGHNARFLQGEGTDPKEVQKIRDAIKKGENCSVRLLNYRKDGTPFWNLLTVTPIKTPDGRVSKFVGVQVDVTSKTEGKALA,0,1
p.Asp61Ala,20186.97,20691.0435,21384.64536,20754.22,4.305071079,4.315782394,4.330102052,4.317106389,D61A,MAGLRHTFVVADATLPDCPLVYASEGFYAMTGYGPDEVLGHNARFLQGEGTDPKEVQKIRAAIKKGEACSVRLLNYRKDGTPFWNLLTVTPIKTPDGRVSKFVGVQVDVTSKTEGKALA,0,1
p.Ala62Lys,14638.19,16644.54141,15286.0654,15522.93,4.165487317,4.221271834,4.184295713,4.190973743,A62K,MAGLRHTFVVADATLPDCPLVYASEGFYAMTGYGPDEVLGHNARFLQGEGTDPKEVQKIRDKIKKGEACSVRLLNYRKDGTPFWNLLTVTPIKTPDGRVSKFVGVQVDVTSKTEGKALA,0,1
p.Gly80Phe,14078.3,15251.35604,14510.85589,14613.5,4.14855013,4.18330846,4.161693029,4.164754334,G80F,MAGLRHTFVVADATLPDCPLVYASEGFYAMTGYGPDEVLGHNARFLQGEGTDPKEVQKIRDAIKKGEACSVRLLNYRKDFTPFWNLLTVTPIKTPDGRVSKFVGVQVDVTSKTEGKALA,0,1
p.Thr14Lys,17396.83,21250.07669,20393.79834,19680.24,4.240470163,4.327360502,4.309498121,4.294030293,T14K,MAGLRHTFVVADAKLPDCPLVYASEGFYAMTGYGPDEVLGHNARFLQGEGTDPKEVQKIRDAIKKGEACSVRLLNYRKDGTPFWNLLTVTPIKTPDGRVSKFVGVQVDVTSKTEGKALA,0,1
p.Val71Glu,14335.53,16728.9686,13011.30166,14691.93,4.156413764,4.223469166,4.114320746,4.167078955,V71E,MAGLRHTFVVADATLPDCPLVYASEGFYAMTGYGPDEVLGHNARFLQGEGTDPKEVQKIRDAIKKGEACSERLLNYRKDGTPFWNLLTVTPIKTPDGRVSKFVGVQVDVTSKTEGKALA,0,1
p.Glu55Trp,9250.05,8316.768293,10474.5976,9347.14,3.966144018,3.919954602,4.020137348,3.970678664,E55W,MAGLRHTFVVADATLPDCPLVYASEGFYAMTGYGPDEVLGHNARFLQGEGTDPKWVQKIRDAIKKGEACSVRLLNYRKDGTPFWNLLTVTPIKTPDGRVSKFVGVQVDVTSKTEGKALA,0,1
p.Ala2Gln,19697.22,20531.49383,19853.11882,20027.28,4.294404834,4.312420549,4.297828742,4.301621883,A2Q,MQGLRHTFVVADATLPDCPLVYASEGFYAMTGYGPDEVLGHNARFLQGEGTDPKEVQKIRDAIKKGEACSVRLLNYRKDGTPFWNLLTVTPIKTPDGRVSKFVGVQVDVTSKTEGKALA,0,1
p.Cys18Ser,18762.68,19861.47334,18583.57396,19069.24,4.273294864,4.298011462,4.269129241,4.280333438,C18S,MAGLRHTFVVADATLPDSPLVYASEGFYAMTGYGPDEVLGHNARFLQGEGTDPKEVQKIRDAIKKGEACSVRLLNYRKDGTPFWNLLTVTPIKTPDGRVSKFVGVQVDVTSKTEGKALA,0,1
p.Lys101Asp,17237.41,11100.34634,13316.56245,13884.77,4.236472115,4.045336529,4.12439213,4.142538825,K101D,MAGLRHTFVVADATLPDCPLVYASEGFYAMTGYGPDEVLGHNARFLQGEGTDPKEVQKIRDAIKKGEACSVRLLNYRKDGTPFWNLLTVTPIKTPDGRVSDFVGVQVDVTSKTEGKALA,0,1
p.Gln106Val,6549.18,5565.43449,5358.565799,5824.39,3.816186664,3.745499075,3.729048568,3.765250605,Q106V,MAGLRHTFVVADATLPDCPLVYASEGFYAMTGYGPDEVLGHNARFLQGEGTDPKEVQKIRDAIKKGEACSVRLLNYRKDGTPFWNLLTVTPIKTPDGRVSKFVGVVVDVTSKTEGKALA,0,1
p.Thr90Arg,20633.13,17170.21144,17978.26588,18593.87,4.31456502,4.234775643,4.254747799,4.269369735,T90R,MAGLRHTFVVADATLPDCPLVYASEGFYAMTGYGPDEVLGHNARFLQGEGTDPKEVQKIRDAIKKGEACSVRLLNYRKDGTPFWNLLTVRPIKTPDGRVSKFVGVQVDVTSKTEGKALA,0,1
p.Glu55Ala,23491.02,21810.89319,23514.78771,22938.9,4.370901885,4.338673451,4.371341062,4.360572597,E55A,MAGLRHTFVVADATLPDCPLVYASEGFYAMTGYGPDEVLGHNARFLQGEGTDPKAVQKIRDAIKKGEACSVRLLNYRKDGTPFWNLLTVTPIKTPDGRVSKFVGVQVDVTSKTEGKALA,0,1
p.Pro95Glu,19490.82,20379.17497,16713.47838,18861.16,4.289830078,4.309186598,4.223066844,4.275568337,P95E,MAGLRHTFVVADATLPDCPLVYASEGFYAMTGYGPDEVLGHNARFLQGEGTDPKEVQKIRDAIKKGEACSVRLLNYRKDGTPFWNLLTVTPIKTEDGRVSKFVGVQVDVTSKTEGKALA,0,1
p.Ser100Thr,19714.69,21330.61617,18953.576,19999.63,4.294789889,4.329003401,4.277691161,4.301021883,S100T,MAGLRHTFVVADATLPDCPLVYASEGFYAMTGYGPDEVLGHNARFLQGEGTDPKEVQKIRDAIKKGEACSVRLLNYRKDGTPFWNLLTVTPIKTPDGRVTKFVGVQVDVTSKTEGKALA,0,1
p.Tyr76Leu,13172.41,13787.70365,15129.36969,14029.83,4.119665174,4.13949194,4.179820835,4.147052319,Y76L,MAGLRHTFVVADATLPDCPLVYASEGFYAMTGYGPDEVLGHNARFLQGEGTDPKEVQKIRDAIKKGEACSVRLLNLRKDGTPFWNLLTVTPIKTPDGRVSKFVGVQVDVTSKTEGKALA,0,1
p.Glu49Met,14464.09,19027.88793,15732.38464,16408.12,4.160291261,4.279390585,4.196794556,4.215058889,E49M,MAGLRHTFVVADATLPDCPLVYASEGFYAMTGYGPDEVLGHNARFLQGMGTDPKEVQKIRDAIKKGEACSVRLLNYRKDGTPFWNLLTVTPIKTPDGRVSKFVGVQVDVTSKTEGKALA,0,1
p.Phe8Asp,14765.4,15374.84371,16335.05238,15491.76,4.169245083,4.18681071,4.213120531,4.190100868,F8D,MAGLRHTDVVADATLPDCPLVYASEGFYAMTGYGPDEVLGHNARFLQGEGTDPKEVQKIRDAIKKGEACSVRLLNYRKDGTPFWNLLTVTPIKTPDGRVSKFVGVQVDVTSKTEGKALA,0,1
p.Val103Trp,10429.03,10540.67219,9747.400992,10239.03,4.018243814,4.022868307,3.988888833,4.010258967,V103W,MAGLRHTFVVADATLPDCPLVYASEGFYAMTGYGPDEVLGHNARFLQGEGTDPKEVQKIRDAIKKGEACSVRLLNYRKDGTPFWNLLTVTPIKTPDGRVSKFWGVQVDVTSKTEGKALA,0,1
p.Gly50Trp,14548.31,15053.32277,14287.39954,14629.68,4.162812676,4.177632374,4.15495319,4.165234794,G50W,MAGLRHTFVVADATLPDCPLVYASEGFYAMTGYGPDEVLGHNARFLQGEWTDPKEVQKIRDAIKKGEACSVRLLNYRKDGTPFWNLLTVTPIKTPDGRVSKFVGVQVDVTSKTEGKALA,0,1
p.Asp36Trp,18781.01,20442.47127,19013.52925,19412.34,4.27371883,4.310533396,4.279062737,4.288077782,D36W,MAGLRHTFVVADATLPDCPLVYASEGFYAMTGYGPWEVLGHNARFLQGEGTDPKEVQKIRDAIKKGEACSVRLLNYRKDGTPFWNLLTVTPIKTPDGRVSKFVGVQVDVTSKTEGKALA,0,1
p.Glu25Trp,12214.87,17471.17918,14181.86372,14622.64,4.086888984,4.242322218,4.151733308,4.165025755,E25W,MAGLRHTFVVADATLPDCPLVYASWGFYAMTGYGPDEVLGHNARFLQGEGTDPKEVQKIRDAIKKGEACSVRLLNYRKDGTPFWNLLTVTPIKTPDGRVSKFVGVQVDVTSKTEGKALA,0,1
p.Ala13Trp,21795.26,18659.68443,20410.50992,20288.48,4.338361978,4.270904295,4.309853855,4.307249586,A13W,MAGLRHTFVVADWTLPDCPLVYASEGFYAMTGYGPDEVLGHNARFLQGEGTDPKEVQKIRDAIKKGEACSVRLLNYRKDGTPFWNLLTVTPIKTPDGRVSKFVGVQVDVTSKTEGKALA,0,1
p.Cys69Trp,9089.3,9288.828212,9054.186095,9144.1,3.95853031,3.967960931,3.956849416,3.961141151,C69W,MAGLRHTFVVADATLPDCPLVYASEGFYAMTGYGPDEVLGHNARFLQGEGTDPKEVQKIRDAIKKGEAWSVRLLNYRKDGTPFWNLLTVTPIKTPDGRVSKFVGVQVDVTSKTEGKALA,0,1
p.Val89Pro,1888.35,1358.253883,1376.185066,1540.93,3.276082284,3.132980955,3.138676841,3.187782727,V89P,MAGLRHTFVVADATLPDCPLVYASEGFYAMTGYGPDEVLGHNARFLQGEGTDPKEVQKIRDAIKKGEACSVRLLNYRKDGTPFWNLLTPTPIKTPDGRVSKFVGVQVDVTSKTEGKALA,0,1
p.Ile92Cys,11565.40173,10762.12655,11828.90028,11385.47618,4.063160723,4.031898094,4.072944371,4.056351199,I92C,MAGLRHTFVVADATLPDCPLVYASEGFYAMTGYGPDEVLGHNARFLQGEGTDPKEVQKIRDAIKKGEACSVRLLNYRKDGTPFWNLLTVTPCKTPDGRVSKFVGVQVDVTSKTEGKALA,1,1
p.Ser24Glu,21745.66,20361.98244,21943.42982,21350.36,4.337372596,4.308820058,4.34130451,4.329405151,S24E,MAGLRHTFVVADATLPDCPLVYAEEGFYAMTGYGPDEVLGHNARFLQGEGTDPKEVQKIRDAIKKGEACSVRLLNYRKDGTPFWNLLTVTPIKTPDGRVSKFVGVQVDVTSKTEGKALA,0,1
p.Arg60Ile,14825.84,15681.96361,15542.79187,15350.2,4.171019248,4.195400442,4.191529032,4.186113976,R60I,MAGLRHTFVVADATLPDCPLVYASEGFYAMTGYGPDEVLGHNARFLQGEGTDPKEVQKIIDAIKKGEACSVRLLNYRKDGTPFWNLLTVTPIKTPDGRVSKFVGVQVDVTSKTEGKALA,0,1
p.Thr7Leu,14277.74,12884.49658,12537.00617,13233.08,4.154659374,4.110067455,4.09819384,4.121660934,T7L,MAGLRHLFVVADATLPDCPLVYASEGFYAMTGYGPDEVLGHNARFLQGEGTDPKEVQKIRDAIKKGEACSVRLLNYRKDGTPFWNLLTVTPIKTPDGRVSKFVGVQVDVTSKTEGKALA,0,1
p.Leu73Glu,1581.04,1600.242641,984.7082246,1388.66,3.198941966,3.204185839,2.993307565,3.14259672,L73E,MAGLRHTFVVADATLPDCPLVYASEGFYAMTGYGPDEVLGHNARFLQGEGTDPKEVQKIRDAIKKGEACSVRELNYRKDGTPFWNLLTVTPIKTPDGRVSKFVGVQVDVTSKTEGKALA,0,1
p.Val107Ser,15163.16,12287.73613,14951.11419,14134.0,4.180789585,4.089471877,4.174673558,4.150265145,V107S,MAGLRHTFVVADATLPDCPLVYASEGFYAMTGYGPDEVLGHNARFLQGEGTDPKEVQKIRDAIKKGEACSVRLLNYRKDGTPFWNLLTVTPIKTPDGRVSKFVGVQSDVTSKTEGKALA,0,1
p.Ile59Ser,11000.46,9589.006806,9741.60526,10110.36,4.041410825,3.981773627,3.988630528,4.004766499,I59S,MAGLRHTFVVADATLPDCPLVYASEGFYAMTGYGPDEVLGHNARFLQGEGTDPKEVQKSRDAIKKGEACSVRLLNYRKDGTPFWNLLTVTPIKTPDGRVSKFVGVQVDVTSKTEGKALA,0,1
p.Trp84Thr,18663.89,18302.16945,19415.96899,18794.01,4.271002235,4.262502572,4.28815907,4.274019465,W84T,MAGLRHTFVVADATLPDCPLVYASEGFYAMTGYGPDEVLGHNARFLQGEGTDPKEVQKIRDAIKKGEACSVRLLNYRKDGTPFTNLLTVTPIKTPDGRVSKFVGVQVDVTSKTEGKALA,0,1
p.Thr7Ile,15768.7,13729.92237,14516.81416,14671.81,4.197795997,4.137668082,4.161871317,4.166483797,T7I,MAGLRHIFVVADATLPDCPLVYASEGFYAMTGYGPDEVLGHNARFLQGEGTDPKEVQKIRDAIKKGEACSVRLLNYRKDGTPFWNLLTVTPIKTPDGRVSKFVGVQVDVTSKTEGKALA,0,1
p.Arg5Cys,15205.08,16780.18269,17013.2609,16332.84,4.181988699,4.224796685,4.230787562,4.213061736,R5C,MAGLCHTFVVADATLPDCPLVYASEGFYAMTGYGPDEVLGHNARFLQGEGTDPKEVQKIRDAIKKGEACSVRLLNYRKDGTPFWNLLTVTPIKTPDGRVSKFVGVQVDVTSKTEGKALA,0,1
p.Thr31Cys,18297.59,18151.09062,17155.02159,17867.9,4.262393805,4.258902725,4.234391269,4.252073501,T31C,MAGLRHTFVVADATLPDCPLVYASEGFYAMCGYGPDEVLGHNARFLQGEGTDPKEVQKIRDAIKKGEACSVRLLNYRKDGTPFWNLLTVTPIKTPDGRVSKFVGVQVDVTSKTEGKALA,0,1
p.Val89Asn,13498.72,13048.16642,14165.55046,13570.81,4.130292599,4.115549487,4.151233456,4.132605847,V89N,MAGLRHTFVVADATLPDCPLVYASEGFYAMTGYGPDEVLGHNARFLQGEGTDPKEVQKIRDAIKKGEACSVRLLNYRKDGTPFWNLLTNTPIKTPDGRVSKFVGVQVDVTSKTEGKALA,0,1
p.Ala29Lys,10709.27402,11184.32028,12965.50509,11619.69979,4.029760031,4.048609595,4.11278944,4.065194908,A29K,MAGLRHTFVVADATLPDCPLVYASEGFYKMTGYGPDEVLGHNARFLQGEGTDPKEVQKIRDAIKKGEACSVRLLNYRKDGTPFWNLLTVTPIKTPDGRVSKFVGVQVDVTSKTEGKALA,0,1
p.Asp96Ser,17725.77,17640.60579,18249.61404,17872.0,4.248605083,4.246513495,4.261253684,4.252173065,D96S,MAGLRHTFVVADATLPDCPLVYASEGFYAMTGYGPDEVLGHNARFLQGEGTDPKEVQKIRDAIKKGEACSVRLLNYRKDGTPFWNLLTVTPIKTPSGRVSKFVGVQVDVTSKTEGKALA,0,1
p.Leu20Tyr,357.74,346.7379236,524.6050685,409.69,2.553562923,2.540001344,2.719832482,2.612458621,L20Y,MAGLRHTFVVADATLPDCPYVYASEGFYAMTGYGPDEVLGHNARFLQGEGTDPKEVQKIRDAIKKGEACSVRLLNYRKDGTPFWNLLTVTPIKTPDGRVSKFVGVQVDVTSKTEGKALA,0,1
p.Asn85Leu,15051.07,17047.87666,15371.15629,15823.37,4.177567354,4.231670295,4.186706539,4.199298912,N85L,MAGLRHTFVVADATLPDCPLVYASEGFYAMTGYGPDEVLGHNARFLQGEGTDPKEVQKIRDAIKKGEACSVRLLNYRKDGTPFWLLLTVTPIKTPDGRVSKFVGVQVDVTSKTEGKALA,0,1
p.Val105Met,16174.08,16380.67427,17460.6721,16671.81,4.208819461,4.214331774,4.242060957,4.22198268,V105M,MAGLRHTFVVADATLPDCPLVYASEGFYAMTGYGPDEVLGHNARFLQGEGTDPKEVQKIRDAIKKGEACSVRLLNYRKDGTPFWNLLTVTPIKTPDGRVSKFVGMQVDVTSKTEGKALA,0,1
p.Ala62Trp,14131.64,12352.47892,11669.17647,12717.77,4.150192562,4.091754121,4.067040208,4.104410799,A62W,MAGLRHTFVVADATLPDCPLVYASEGFYAMTGYGPDEVLGHNARFLQGEGTDPKEVQKIRDWIKKGEACSVRLLNYRKDGTPFWNLLTVTPIKTPDGRVSKFVGVQVDVTSKTEGKALA,0,1
p.Lys93Ser,18318.44,18510.1286,16652.13238,17826.9,4.262888568,4.267409436,4.221469855,4.251075864,K93S,MAGLRHTFVVADATLPDCPLVYASEGFYAMTGYGPDEVLGHNARFLQGEGTDPKEVQKIRDAIKKGEACSVRLLNYRKDGTPFWNLLTVTPISTPDGRVSKFVGVQVDVTSKTEGKALA,0,1
p.Gln106Cys,11608.21,13177.59766,11706.13914,12163.98,4.06476525,4.119836244,4.068413682,4.085075776,Q106C,MAGLRHTFVVADATLPDCPLVYASEGFYAMTGYGPDEVLGHNARFLQGEGTDPKEVQKIRDAIKKGEACSVRLLNYRKDGTPFWNLLTVTPIKTPDGRVSKFVGVCVDVTSKTEGKALA,0,1
p.Pro53Trp,16002.55,14992.342,13955.58091,14983.49,4.204189204,4.175869481,4.144747919,4.175613015,P53W,MAGLRHTFVVADATLPDCPLVYASEGFYAMTGYGPDEVLGHNARFLQGEGTDWKEVQKIRDAIKKGEACSVRLLNYRKDGTPFWNLLTVTPIKTPDGRVSKFVGVQVDVTSKTEGKALA,0,1
p.Thr14Glu,19657.45,24328.18147,19148.73937,21044.79,4.293527244,4.386109647,4.282140188,4.323144622,T14E,MAGLRHTFVVADAELPDCPLVYASEGFYAMTGYGPDEVLGHNARFLQGEGTDPKEVQKIRDAIKKGEACSVRLLNYRKDGTPFWNLLTVTPIKTPDGRVSKFVGVQVDVTSKTEGKALA,0,1
p.Glu114Gln,20467.21,20871.97179,20637.44373,20658.88,4.311058649,4.319563479,4.314655902,4.315106673,E114Q,MAGLRHTFVVADATLPDCPLVYASEGFYAMTGYGPDEVLGHNARFLQGEGTDPKEVQKIRDAIKKGEACSVRLLNYRKDGTPFWNLLTVTPIKTPDGRVSKFVGVQVDVTSKTQGKALA,0,1
p.Glu55Gln,20473.62,21773.66489,22404.38954,21550.56,4.311194619,4.337931534,4.350333115,4.333458516,E55Q,MAGLRHTFVVADATLPDCPLVYASEGFYAMTGYGPDEVLGHNARFLQGEGTDPKQVQKIRDAIKKGEACSVRLLNYRKDGTPFWNLLTVTPIKTPDGRVSKFVGVQVDVTSKTEGKALA,0,1
p.Val21Gln,19566.38,21095.30953,18102.96257,19588.22,4.291510491,4.324185902,4.257749653,4.291994917,V21Q,MAGLRHTFVVADATLPDCPLQYASEGFYAMTGYGPDEVLGHNARFLQGEGTDPKEVQKIRDAIKKGEACSVRLLNYRKDGTPFWNLLTVTPIKTPDGRVSKFVGVQVDVTSKTEGKALA,0,1
p.Asp17Leu,12309.7,12656.44186,12288.62119,12418.26,4.090247583,4.102311628,4.089503157,4.094060589,D17L,MAGLRHTFVVADATLPLCPLVYASEGFYAMTGYGPDEVLGHNARFLQGEGTDPKEVQKIRDAIKKGEACSVRLLNYRKDGTPFWNLLTVTPIKTPDGRVSKFVGVQVDVTSKTEGKALA,0,1
p.Pro91Trp,2223.87,1951.495183,1629.424039,1934.93,3.347110068,3.290367484,3.212034119,3.286665458,P91W,MAGLRHTFVVADATLPDCPLVYASEGFYAMTGYGPDEVLGHNARFLQGEGTDPKEVQKIRDAIKKGEACSVRLLNYRKDGTPFWNLLTVTWIKTPDGRVSKFVGVQVDVTSKTEGKALA,0,1
p.Pro91Phe,4509.75,5165.76937,5660.388398,5111.97,3.654152076,3.713135013,3.752846232,3.708588118,P91F,MAGLRHTFVVADATLPDCPLVYASEGFYAMTGYGPDEVLGHNARFLQGEGTDPKEVQKIRDAIKKGEACSVRLLNYRKDGTPFWNLLTVTFIKTPDGRVSKFVGVQVDVTSKTEGKALA,0,1
p.Leu118Gly,16290.22,20254.61784,16892.31438,17812.39,4.211927034,4.306524053,4.227689156,4.250722077,L118G,MAGLRHTFVVADATLPDCPLVYASEGFYAMTGYGPDEVLGHNARFLQGEGTDPKEVQKIRDAIKKGEACSVRLLNYRKDGTPFWNLLTVTPIKTPDGRVSKFVGVQVDVTSKTEGKAGA,0,1
p.Thr81His,18266.34,20766.79536,20370.37506,19801.17,4.261651499,4.317369483,4.308999025,4.296690844,T81H,MAGLRHTFVVADATLPDCPLVYASEGFYAMTGYGPDEVLGHNARFLQGEGTDPKEVQKIRDAIKKGEACSVRLLNYRKDGHPFWNLLTVTPIKTPDGRVSKFVGVQVDVTSKTEGKALA,0,1
p.Ala2Cys,15382.08,21225.46826,21618.81811,19408.79,4.187014926,4.32685728,4.334831948,4.287998397,A2C,MCGLRHTFVVADATLPDCPLVYASEGFYAMTGYGPDEVLGHNARFLQGEGTDPKEVQKIRDAIKKGEACSVRLLNYRKDGTPFWNLLTVTPIKTPDGRVSKFVGVQVDVTSKTEGKALA,0,1
p.Trp84Pro,16277.44,14742.63223,14966.71537,15328.93,4.211586006,4.168575032,4.1751265,4.185511784,W84P,MAGLRHTFVVADATLPDCPLVYASEGFYAMTGYGPDEVLGHNARFLQGEGTDPKEVQKIRDAIKKGEACSVRLLNYRKDGTPFPNLLTVTPIKTPDGRVSKFVGVQVDVTSKTEGKALA,0,1
p.Ala68Val,18382.36,19267.87329,19024.96553,18891.73,4.264401213,4.284833782,4.279323879,4.27627178,A68V,MAGLRHTFVVADATLPDCPLVYASEGFYAMTGYGPDEVLGHNARFLQGEGTDPKEVQKIRDAIKKGEVCSVRLLNYRKDGTPFWNLLTVTPIKTPDGRVSKFVGVQVDVTSKTEGKALA,0,1
p.Arg77Gly,14669.32,14748.95782,14487.30742,14635.19,4.166409866,4.168761333,4.160987676,4.165398477,R77G,MAGLRHTFVVADATLPDCPLVYASEGFYAMTGYGPDEVLGHNARFLQGEGTDPKEVQKIRDAIKKGEACSVRLLNYGKDGTPFWNLLTVTPIKTPDGRVSKFVGVQVDVTSKTEGKALA,0,1
p.Gln106Ter,4218.91,5220.49618,4597.258997,4678.89,3.625199805,3.717711782,3.662498971,3.670142549,Q106*,MAGLRHTFVVADATLPDCPLVYASEGFYAMTGYGPDEVLGHNARFLQGEGTDPKEVQKIRDAIKKGEACSVRLLNYRKDGTPFWNLLTVTPIKTPDGRVSKFVGV*VDVTSKTEGKALA,0,1
p.Lys112Ser,18695.96,20606.82686,19541.71917,19614.84,4.27174775,4.314011122,4.290962768,4.29258466,K112S,MAGLRHTFVVADATLPDCPLVYASEGFYAMTGYGPDEVLGHNARFLQGEGTDPKEVQKIRDAIKKGEACSVRLLNYRKDGTPFWNLLTVTPIKTPDGRVSKFVGVQVDVTSSTEGKALA,0,1
p.Ala119Gln,18467.89,21124.89353,21993.31874,20528.7,4.266417191,4.324794529,4.342290768,4.312361438,A119Q,MAGLRHTFVVADATLPDCPLVYASEGFYAMTGYGPDEVLGHNARFLQGEGTDPKEVQKIRDAIKKGEACSVRLLNYRKDGTPFWNLLTVTPIKTPDGRVSKFVGVQVDVTSKTEGKALQ,0,1
p.Val56Glu,13521.37,15142.94925,14170.49558,14278.27,4.131020688,4.180210467,4.151385039,4.154675636,V56E,MAGLRHTFVVADATLPDCPLVYASEGFYAMTGYGPDEVLGHNARFLQGEGTDPKEEQKIRDAIKKGEACSVRLLNYRKDGTPFWNLLTVTPIKTPDGRVSKFVGVQVDVTSKTEGKALA,0,1
p.Asp17Gln,18982.21,21269.81225,18080.95801,19444.33,4.278346846,4.327763656,4.257221438,4.288792934,D17Q,MAGLRHTFVVADATLPQCPLVYASEGFYAMTGYGPDEVLGHNARFLQGEGTDPKEVQKIRDAIKKGEACSVRLLNYRKDGTPFWNLLTVTPIKTPDGRVSKFVGVQVDVTSKTEGKALA,0,1
p.Asn75Tyr,464.53,489.1203876,449.1836409,467.61,2.667016458,2.689415766,2.652423931,2.669885929,N75Y,MAGLRHTFVVADATLPDCPLVYASEGFYAMTGYGPDEVLGHNARFLQGEGTDPKEVQKIRDAIKKGEACSVRLLYYRKDGTPFWNLLTVTPIKTPDGRVSKFVGVQVDVTSKTEGKALA,0,1
p.Cys18Ile,15693.64,16664.39671,18048.16066,16802.07,4.195723638,4.221789596,4.256432948,4.225362666,C18I,MAGLRHTFVVADATLPDIPLVYASEGFYAMTGYGPDEVLGHNARFLQGEGTDPKEVQKIRDAIKKGEACSVRLLNYRKDGTPFWNLLTVTPIKTPDGRVSKFVGVQVDVTSKTEGKALA,0,1
p.Arg44Ala,21572.03,21234.51825,22695.46485,21834.0,4.333890917,4.327042413,4.355939082,4.33913336,R44A,MAGLRHTFVVADATLPDCPLVYASEGFYAMTGYGPDEVLGHNAAFLQGEGTDPKEVQKIRDAIKKGEACSVRLLNYRKDGTPFWNLLTVTPIKTPDGRVSKFVGVQVDVTSKTEGKALA,0,1
p.Gly34Gln,19751.31,20586.2833,20464.19434,20267.26,4.295595959,4.313577945,4.310994651,4.306795111,G34Q,MAGLRHTFVVADATLPDCPLVYASEGFYAMTGYQPDEVLGHNARFLQGEGTDPKEVQKIRDAIKKGEACSVRLLNYRKDGTPFWNLLTVTPIKTPDGRVSKFVGVQVDVTSKTEGKALA,0,1
p.Glu49Lys,18998.55,20631.90672,19389.32991,19673.26,4.278720473,4.314539366,4.2875628,4.293876386,E49K,MAGLRHTFVVADATLPDCPLVYASEGFYAMTGYGPDEVLGHNARFLQGKGTDPKEVQKIRDAIKKGEACSVRLLNYRKDGTPFWNLLTVTPIKTPDGRVSKFVGVQVDVTSKTEGKALA,0,1
p.Asp17Tyr,12775.06,13295.36743,13498.8754,13189.77,4.106362826,4.123700344,4.130297589,4.120237104,D17Y,MAGLRHTFVVADATLPYCPLVYASEGFYAMTGYGPDEVLGHNARFLQGEGTDPKEVQKIRDAIKKGEACSVRLLNYRKDGTPFWNLLTVTPIKTPDGRVSKFVGVQVDVTSKTEGKALA,0,1
p.Ala2Ser,18003.25,21137.33335,20186.2985,19775.63,4.255350925,4.325050197,4.305056691,4.296130272,A2S,MSGLRHTFVVADATLPDCPLVYASEGFYAMTGYGPDEVLGHNARFLQGEGTDPKEVQKIRDAIKKGEACSVRLLNYRKDGTPFWNLLTVTPIKTPDGRVSKFVGVQVDVTSKTEGKALA,0,1
p.Phe102Asn,7225.71,8366.440567,9023.758004,8205.3,3.858880415,3.92254073,3.95538744,3.914094582,F102N,MAGLRHTFVVADATLPDCPLVYASEGFYAMTGYGPDEVLGHNARFLQGEGTDPKEVQKIRDAIKKGEACSVRLLNYRKDGTPFWNLLTVTPIKTPDGRVSKNVGVQVDVTSKTEGKALA,0,1
p.Glu25Asp,19208.78,21719.42205,17474.36368,19467.52,4.283499882,4.336848265,4.24240137,4.289310705,E25D,MAGLRHTFVVADATLPDCPLVYASDGFYAMTGYGPDEVLGHNARFLQGEGTDPKEVQKIRDAIKKGEACSVRLLNYRKDGTPFWNLLTVTPIKTPDGRVSKFVGVQVDVTSKTEGKALA,0,1
p.Leu15Ter,4953.47,5019.675416,3124.58615,4365.91,3.694909933,3.700675636,3.494792503,3.64007498,L15*,MAGLRHTFVVADAT*PDCPLVYASEGFYAMTGYGPDEVLGHNARFLQGEGTDPKEVQKIRDAIKKGEACSVRLLNYRKDGTPFWNLLTVTPIKTPDGRVSKFVGVQVDVTSKTEGKALA,0,1
p.Gly66Pro,14268.22,14698.76635,15426.27937,14797.76,4.154369899,4.167280886,4.188261192,4.170195872,G66P,MAGLRHTFVVADATLPDCPLVYASEGFYAMTGYGPDEVLGHNARFLQGEGTDPKEVQKIRDAIKKPEACSVRLLNYRKDGTPFWNLLTVTPIKTPDGRVSKFVGVQVDVTSKTEGKALA,0,1
p.Pro91Val,13331.68,11829.97554,11585.90552,12249.19,4.124884795,4.072983847,4.063929982,4.088107234,P91V,MAGLRHTFVVADATLPDCPLVYASEGFYAMTGYGPDEVLGHNARFLQGEGTDPKEVQKIRDAIKKGEACSVRLLNYRKDGTPFWNLLTVTVIKTPDGRVSKFVGVQVDVTSKTEGKALA,0,1
p.Gly32Trp,7240.14,8593.240967,6932.011408,7588.46,3.859746978,3.93415699,3.840859269,3.88015389,G32W,MAGLRHTFVVADATLPDCPLVYASEGFYAMTWYGPDEVLGHNARFLQGEGTDPKEVQKIRDAIKKGEACSVRLLNYRKDGTPFWNLLTVTPIKTPDGRVSKFVGVQVDVTSKTEGKALA,0,1
p.Thr113Gly,19384.88,19419.95252,20033.95798,19612.93,4.28746321,4.288248164,4.301766758,4.292542513,T113G,MAGLRHTFVVADATLPDCPLVYASEGFYAMTGYGPDEVLGHNARFLQGEGTDPKEVQKIRDAIKKGEACSVRLLNYRKDGTPFWNLLTVTPIKTPDGRVSKFVGVQVDVTSKGEGKALA,0,1
p.Leu87Ser,11959.33,12067.11611,12551.98946,12192.81,4.077706758,4.081603492,4.098712566,4.086103842,L87S,MAGLRHTFVVADATLPDCPLVYASEGFYAMTGYGPDEVLGHNARFLQGEGTDPKEVQKIRDAIKKGEACSVRLLNYRKDGTPFWNLSTVTPIKTPDGRVSKFVGVQVDVTSKTEGKALA,0,1
p.Pro16Gln,23561.79,23209.74193,17782.46381,21518.0,4.372208305,4.365670312,4.249991933,4.332801883,P16Q,MAGLRHTFVVADATLQDCPLVYASEGFYAMTGYGPDEVLGHNARFLQGEGTDPKEVQKIRDAIKKGEACSVRLLNYRKDGTPFWNLLTVTPIKTPDGRVSKFVGVQVDVTSKTEGKALA,0,1
p.Arg72Leu,16420.15,16907.92056,18142.38255,17156.82,4.215377239,4.228090199,4.25869432,4.234436775,R72L,MAGLRHTFVVADATLPDCPLVYASEGFYAMTGYGPDEVLGHNARFLQGEGTDPKEVQKIRDAIKKGEACSVLLLNYRKDGTPFWNLLTVTPIKTPDGRVSKFVGVQVDVTSKTEGKALA,0,1
p.Arg77Glu,13264.58,12176.72282,12126.57989,12522.63,4.122693424,4.08553042,4.083738332,4.097695437,R77E,MAGLRHTFVVADATLPDCPLVYASEGFYAMTGYGPDEVLGHNARFLQGEGTDPKEVQKIRDAIKKGEACSVRLLNYEKDGTPFWNLLTVTPIKTPDGRVSKFVGVQVDVTSKTEGKALA,0,1
p.Val10Pro,1033.02,775.3634932,999.5041482,935.96,3.014110758,2.889505349,2.999784601,2.971259217,V10P,MAGLRHTFVPADATLPDCPLVYASEGFYAMTGYGPDEVLGHNARFLQGEGTDPKEVQKIRDAIKKGEACSVRLLNYRKDGTPFWNLLTVTPIKTPDGRVSKFVGVQVDVTSKTEGKALA,0,1
